donor_id,box,lon,lat,mangrove_frac
pichavaram_79.790_11.410,pichavaram,79.79,11.41,0.536
pichavaram_79.780_11.420,pichavaram,79.78,11.42,0.639
pichavaram_79.800_11.410,pichavaram,79.8,11.41,0.666
pichavaram_79.790_11.420,pichavaram,79.79,11.42,0.976
pichavaram_79.800_11.430,pichavaram,79.8,11.43,0.544
pichavaram_79.800_11.420,pichavaram,79.8,11.42,0.727
pichavaram_79.800_11.390,pichavaram,79.8,11.39,0.538
pichavaram_79.790_11.430,pichavaram,79.79,11.43,0.825
muthupet_79.530_10.340,muthupet,79.53,10.34,0.639
muthupet_79.530_10.350,muthupet,79.53,10.35,0.538
muthupet_79.520_10.350,muthupet,79.52,10.35,0.51
muthupet_79.410_10.320,muthupet,79.41,10.32,0.68
muthupet_79.420_10.330,muthupet,79.42,10.33,0.742
muthupet_79.420_10.320,muthupet,79.42,10.32,0.998
muthupet_79.430_10.330,muthupet,79.43,10.33,0.635
godavari_82.230_16.570,godavari,82.23,16.57,0.83
godavari_82.250_16.810,godavari,82.25,16.81,0.796
godavari_82.270_16.660,godavari,82.27,16.66,0.502
godavari_82.270_16.820,godavari,82.27,16.82,1.0
godavari_82.310_16.800,godavari,82.31,16.8,1.0
godavari_82.330_16.780,godavari,82.33,16.78,0.987
godavari_82.230_16.560,godavari,82.23,16.56,0.898
godavari_82.320_16.800,godavari,82.32,16.8,1.0
godavari_82.270_16.610,godavari,82.27,16.61,1.0
godavari_82.320_16.760,godavari,82.32,16.76,0.991
godavari_82.300_16.730,godavari,82.3,16.73,0.584
godavari_82.270_16.790,godavari,82.27,16.79,0.686
godavari_82.300_16.800,godavari,82.3,16.8,0.98
godavari_82.330_16.740,godavari,82.33,16.74,0.846
godavari_82.280_16.780,godavari,82.28,16.78,0.705
godavari_82.210_16.560,godavari,82.21,16.56,0.969
godavari_82.260_16.810,godavari,82.26,16.81,1.0
godavari_82.300_16.740,godavari,82.3,16.74,0.585
godavari_82.290_16.750,godavari,82.29,16.75,0.686
godavari_82.330_16.770,godavari,82.33,16.77,1.0
godavari_82.260_16.800,godavari,82.26,16.8,0.901
godavari_82.340_16.820,godavari,82.34,16.82,0.991
godavari_82.290_16.710,godavari,82.29,16.71,0.604
godavari_82.250_16.840,godavari,82.25,16.84,0.979
godavari_82.340_16.830,godavari,82.34,16.83,1.0
godavari_82.290_16.850,godavari,82.29,16.85,1.0
godavari_82.250_16.820,godavari,82.25,16.82,1.0
godavari_82.290_16.790,godavari,82.29,16.79,1.0
godavari_82.290_16.760,godavari,82.29,16.76,0.597
godavari_82.280_16.640,godavari,82.28,16.64,0.777
godavari_82.240_16.580,godavari,82.24,16.58,0.972
godavari_82.300_16.830,godavari,82.3,16.83,0.864
godavari_82.250_16.890,godavari,82.25,16.89,0.805
godavari_82.290_16.840,godavari,82.29,16.84,1.0
godavari_82.250_16.590,godavari,82.25,16.59,0.948
godavari_82.280_16.820,godavari,82.28,16.82,1.0
godavari_82.290_16.800,godavari,82.29,16.8,1.0
godavari_82.270_16.600,godavari,82.27,16.6,0.994
godavari_82.240_16.900,godavari,82.24,16.9,0.653
godavari_82.320_16.740,godavari,82.32,16.74,1.0
krishna_80.850_15.750,krishna,80.85,15.75,0.551
krishna_80.910_15.720,krishna,80.91,15.72,0.64
krishna_80.810_15.790,krishna,80.81,15.79,0.988
krishna_80.850_15.860,krishna,80.85,15.86,0.523
krishna_80.810_15.840,krishna,80.81,15.84,0.988
krishna_80.950_15.750,krishna,80.95,15.75,0.804
krishna_80.900_15.760,krishna,80.9,15.76,0.757
krishna_80.970_15.840,krishna,80.97,15.84,0.931
krishna_80.940_15.770,krishna,80.94,15.77,0.727
krishna_81.000_15.770,krishna,81.0,15.77,0.955
krishna_80.830_15.860,krishna,80.83,15.86,0.99
krishna_80.830_15.830,krishna,80.83,15.83,0.559
krishna_80.810_15.850,krishna,80.81,15.85,0.993
krishna_80.930_15.750,krishna,80.93,15.75,1.0
krishna_80.820_15.770,krishna,80.82,15.77,0.835
krishna_80.940_15.730,krishna,80.94,15.73,0.994
krishna_80.980_15.780,krishna,80.98,15.78,0.89
krishna_80.930_15.770,krishna,80.93,15.77,0.875
krishna_80.920_15.780,krishna,80.92,15.78,0.745
krishna_80.800_15.810,krishna,80.8,15.81,0.56
krishna_80.910_15.770,krishna,80.91,15.77,0.771
krishna_80.920_15.770,krishna,80.92,15.77,0.923
krishna_80.810_15.800,krishna,80.81,15.8,1.0
krishna_80.890_15.730,krishna,80.89,15.73,0.944
krishna_80.990_15.780,krishna,80.99,15.78,0.995
krishna_80.820_15.740,krishna,80.82,15.74,0.554
krishna_80.990_15.770,krishna,80.99,15.77,0.66
krishna_80.990_15.850,krishna,80.99,15.85,0.591
krishna_80.830_15.870,krishna,80.83,15.87,0.84
krishna_80.980_15.800,krishna,80.98,15.8,0.987
krishna_80.970_15.820,krishna,80.97,15.82,0.957
krishna_80.930_15.780,krishna,80.93,15.78,0.88
krishna_80.990_15.820,krishna,80.99,15.82,0.588
krishna_80.810_15.870,krishna,80.81,15.87,0.927
krishna_80.980_15.760,krishna,80.98,15.76,0.865
krishna_80.820_15.850,krishna,80.82,15.85,0.887
krishna_80.950_15.760,krishna,80.95,15.76,0.879
krishna_80.800_15.790,krishna,80.8,15.79,0.879
krishna_80.820_15.720,krishna,80.82,15.72,0.983
krishna_80.790_15.860,krishna,80.79,15.86,0.922
