donor_id,box,pre_fit_rmse,sc_rmse,flat_rmse,sc_bias,flat_bias,sc_false_credit_unc0,flat_false_credit_unc0,sc_false_credit,flat_false_credit,expost_forecast_rmse,sc_max_gap,flat_max_gap
godavari_82.210_16.560,godavari,4.420738381466377,7.0501489625246565,10.439136142508987,0.9488283878599977,8.142878545490365,12.565423335047662,17.481032766146015,0.0,0.0,5.904006127619418,12.565423335047662,17.481032766146015
godavari_82.230_16.560,godavari,5.350845040899063,7.078615337710105,9.617229895351022,-0.3971536471182988,4.44773133241701,13.80756589350591,22.26768182327511,0.0,0.0,7.007449363921174,13.80756589350591,22.26768182327511
godavari_82.230_16.570,godavari,6.0619269685990425,7.78325654826179,12.281532681578778,5.024294348338899,10.779679735401455,15.507279358191383,17.83933923655141,0.0,0.0,6.664465907483156,15.507279358191383,17.83933923655141
godavari_82.240_16.580,godavari,3.982670217558032,10.220810799764083,10.88347500140111,-3.606118475153245,2.1233535189678836,16.23109278229738,23.31665846151615,0.0,0.0,2.4669581534875684,16.23109278229738,23.31665846151615
godavari_82.240_16.900,godavari,9.354359509721549,15.535755883363139,16.675767710397654,-1.2017704628378345,11.476789112685449,34.12063536161117,34.07651447738715,0.0,0.0,8.10062852462704,34.12063536161117,34.07651447738715
godavari_82.250_16.590,godavari,2.813260775510139,8.869616417063389,12.19478532029786,-0.03625793196967031,8.393225272223491,16.949235020090697,22.172433338155493,0.0,0.0,7.0530636301003335,16.949235020090697,22.172433338155493
godavari_82.250_16.810,godavari,8.522499329972502,23.472501378349335,17.890843182064938,16.40496745568688,11.463106738832034,57.900718144153856,37.90877483903937,0.0,0.0,10.556073058095473,57.900718144153856,37.90877483903937
godavari_82.250_16.820,godavari,6.3976929798540985,12.296118968518723,12.101645356275196,4.143563647862711,7.303779775840239,19.748161595543863,22.33970112601419,0.0,0.0,8.966273308323885,19.748161595543863,22.33970112601419
godavari_82.250_16.840,godavari,12.241447531821697,4.989177969237278,8.422546985542496,-2.9039191947622687,-1.448597784963641,2.5105385606453154,9.434973562822492,0.0,0.0,8.355203321654384,2.5105385606453154,9.434973562822492
godavari_82.250_16.890,godavari,17.64211827132526,14.735998000762356,12.334317410030108,-2.4887215950649404,-1.787586391288083,19.131020363570585,15.29049799735104,0.0,0.0,10.151215529014205,19.131020363570585,15.29049799735104
godavari_82.260_16.800,godavari,10.606937548065671,18.474634672601876,9.212646216907277,3.6203002908791655,-1.5484240303739751,32.77823983960948,11.385829401872158,0.0,0.0,14.270013454998907,32.77823983960948,11.385829401872158
godavari_82.260_16.810,godavari,12.818741876162045,24.53044162037122,14.164922596297446,11.7715794253854,5.113325642730256,51.07898785775886,24.94784871306375,0.0,0.0,13.226896952543411,51.07898785775886,24.94784871306375
godavari_82.270_16.600,godavari,2.6011460300912015,10.7741038488255,14.082465360631618,1.9283055014270634,7.954364890819461,21.487645593033292,25.493270256722617,0.0,0.0,4.861839546432425,21.487645593033292,25.493270256722617
godavari_82.270_16.610,godavari,3.2785793671909316,11.338940270779364,15.392485075340527,-1.6223833037831583,6.291123954042984,16.298417620121754,32.48841879006064,0.0,0.0,6.381878870665787,16.298417620121754,32.48841879006064
godavari_82.270_16.660,godavari,4.557079792936742,6.938686680483181,11.515607680854082,-1.1218146448823854,8.180350444107013,10.912894529625227,24.415447017110708,0.0,0.0,6.682811311352055,10.912894529625227,24.415447017110708
godavari_82.270_16.790,godavari,4.766612386500269,21.138029049088686,15.703259828008619,16.68091046713119,11.661207583577431,38.243995710180215,28.83414637633762,0.0,0.0,19.286807327198275,38.243995710180215,28.83414637633762
godavari_82.270_16.820,godavari,10.131281993931903,15.07607683988227,8.907324769574991,9.764415238485714,-2.712185443808309,27.34269142223698,9.957989261201917,0.0,0.0,18.179482289281218,27.34269142223698,9.957989261201917
godavari_82.280_16.640,godavari,7.947043061877849,15.374580379816853,18.75290786453054,6.4223515539312395,9.501805569173033,36.21216579940905,35.80221535659542,0.0,0.0,7.89783631052354,36.21216579940905,35.80221535659542
godavari_82.280_16.780,godavari,2.872729289907805,16.285577662817147,21.521330309692477,11.576217018330867,17.94596909673755,34.901779157497515,40.64676202177818,0.0,0.0,8.688530317873541,34.901779157497515,40.64676202177818
godavari_82.280_16.820,godavari,9.022739817853743,24.233566529410286,16.8120086356131,20.975194119603724,16.219008440396752,39.61334090033782,24.347524782370414,0.0,0.0,16.143901664538383,39.61334090033782,24.347524782370414
godavari_82.290_16.710,godavari,8.526943749290714,12.69896646861298,13.452165224435177,-4.273229815008472,2.174108954883101,13.274494586901028,29.25192355124782,0.0,0.0,7.400626997322667,13.274494586901028,29.25192355124782
godavari_82.290_16.750,godavari,1.8877213396391834,17.96546573476314,23.036935087733724,14.615618170726414,20.009546609171792,38.318998363216494,46.53861457362597,0.0,0.0,11.104026607816333,38.318998363216494,46.53861457362597
godavari_82.290_16.760,godavari,1.8503376880822089,12.113777118116218,12.941546334446233,5.530462071508294,8.066045575847063,24.57872902183278,27.90937564955258,0.0,0.0,8.089091410789583,24.57872902183278,27.90937564955258
godavari_82.290_16.790,godavari,7.258497266293838,13.318429935788368,6.860040767779186,6.275368369471544,3.9602800151396673,19.848909098315943,15.587539250508769,0.0,0.0,16.15741288249806,19.848909098315943,15.587539250508769
godavari_82.290_16.800,godavari,8.174782566775193,20.972209608008463,14.875954596315049,17.337038542110196,12.105529761044204,36.432772575150395,25.401900980515485,0.0,0.0,20.75371097225816,36.432772575150395,25.401900980515485
godavari_82.290_16.840,godavari,5.679152023867351,19.03497305431019,16.262288741109685,16.132979029214347,11.534727792945091,27.746022515162096,24.42447952074818,0.0,0.0,16.37039339401121,27.746022515162096,24.42447952074818
godavari_82.290_16.850,godavari,9.346199538498867,15.224174442011247,13.634884608815097,-8.802364547149121,5.933629677109161,3.403814739871649,22.07813338459742,0.0,0.0,14.587479226010325,3.403814739871649,22.07813338459742
godavari_82.300_16.730,godavari,4.013098752428456,17.210199536349997,24.42872566716507,10.395636102542223,18.642164892799038,41.261921786167704,55.44784496269522,0.0,0.0,6.22273025641695,41.261921786167704,55.44784496269522
godavari_82.300_16.740,godavari,2.588965334291458,17.648311741300645,22.32519533127364,9.05135710682357,15.851006866537116,38.233130998339675,49.022682578478815,0.0,0.0,4.667671771019326,38.233130998339675,49.022682578478815
godavari_82.300_16.800,godavari,6.562582240483699,9.205147612930054,10.953695046035913,5.834411660969775,7.336819802062185,19.045659084139643,18.964028356594994,0.0,0.0,11.397643665109584,19.045659084139643,18.964028356594994
godavari_82.300_16.830,godavari,3.200620602989516,16.713332759128,18.169817099843378,11.032235980021508,13.926372547577497,31.779942497820755,29.522245796893223,0.0,0.0,9.9772809228567,31.779942497820755,29.522245796893223
godavari_82.310_16.800,godavari,5.581261186366544,5.29607918227172,11.074198225431335,2.6237519240483014,8.250430306031578,12.512356025903806,18.563382912508246,0.0,0.0,5.569885436255749,12.512356025903806,18.563382912508246
godavari_82.320_16.740,godavari,9.233509354348936,11.159825284264357,10.504422587002622,-5.24081396338488,3.201296475892483,11.18806265189626,19.339795828441048,0.0,0.0,5.4036326698629,11.18806265189626,19.339795828441048
godavari_82.320_16.760,godavari,1.34677967262232,7.649443487593372,9.766311187549034,4.068055337907204,6.877406884584568,17.546115759423543,20.98919903088761,0.0,0.0,5.1460564622098595,17.546115759423543,20.98919903088761
godavari_82.320_16.800,godavari,4.182339198824624,10.61421537832914,14.108884202632158,7.7261715343425665,11.038970556029664,20.421104649774527,24.44175965006096,0.0,0.0,6.409229882816588,20.421104649774527,24.44175965006096
godavari_82.330_16.740,godavari,3.9591202514469614,7.952440140895192,9.49448790919042,-2.714700220700962,1.927544132578138,7.987750454529397,15.413162724774494,0.0,0.0,5.065961880264291,7.987750454529397,15.413162724774494
godavari_82.330_16.770,godavari,1.9342491942576372,7.030779819711922,8.450261008417858,-2.40058084512777,2.249560723398064,8.543167332079122,17.198405163491465,0.0,0.0,4.092669547794882,8.543167332079122,17.198405163491465
godavari_82.330_16.780,godavari,1.6299933928943802,5.588210046584425,6.732537141253697,-1.7512272607972537,3.15354264545535,5.820541071055963,10.956022814550302,0.0,0.0,6.758383663532281,5.820541071055963,10.956022814550302
godavari_82.340_16.820,godavari,3.2119820011827622,15.033657193220833,14.112466261154403,7.892467282706173,7.0612475438546305,38.334137182260605,36.302795536440115,0.0,0.0,20.965862843154945,38.334137182260605,36.302795536440115
godavari_82.340_16.830,godavari,6.092843407318232,13.547144173856575,17.908075254197698,1.3418290938849342,9.216147080341727,32.52749878204463,43.857171515690666,0.0,0.0,5.357966768917317,32.52749878204463,43.857171515690666
krishna_80.790_15.860,krishna,6.122908116238133,15.100453822699748,13.127744331192948,-10.175204127853299,-5.353498803777664,8.895495803615816,12.076022847455597,0.0,0.0,7.672951652730918,8.895495803615816,12.076022847455597
krishna_80.800_15.790,krishna,5.6837140721984305,8.682961650850956,11.72612393220232,-1.2193588451043915,5.497730232200981,17.186637623132114,27.34759693743488,0.0,0.0,3.4340407522402483,17.186637623132114,27.34759693743488
krishna_80.800_15.810,krishna,3.545219724487184,12.641727012973151,14.376615907174726,6.514850983935824,9.683817697722786,22.43645612084333,25.655738673374323,0.0,0.0,5.1463556005560385,22.43645612084333,25.655738673374323
krishna_80.810_15.790,krishna,2.9666954504271956,12.280742727672541,13.019877361281834,9.5118342591862,9.321364683283868,23.817068640853385,22.81775355478466,0.0,0.0,7.238309333328996,23.817068640853385,22.81775355478466
krishna_80.810_15.800,krishna,4.427029304871731,9.275140309501085,10.844160596579822,5.844590951621272,6.540833546114425,15.535697357837385,19.314772250219022,0.0,0.0,7.76208130857686,15.535697357837385,19.314772250219022
krishna_80.810_15.840,krishna,5.955231401935519,9.749227463702892,10.624819627183813,-4.724937719369896,4.380967936312784,12.090780298455726,21.503487725835875,0.0,0.0,9.172745748884,12.090780298455726,21.503487725835875
krishna_80.810_15.850,krishna,11.174060000051137,20.456612453885406,17.328303174386793,-11.752791518218185,-0.9347641836655072,16.464859935090473,30.223945024037015,0.0,0.0,13.201182394791015,16.464859935090473,30.223945024037015
krishna_80.810_15.870,krishna,10.22313166121647,23.956180136565948,19.443912596777327,19.271387247037186,12.794525297018321,39.13632223691408,40.50397323697923,0.0,0.0,15.284428470728377,39.13632223691408,40.50397323697923
krishna_80.820_15.720,krishna,1.3760333577874329,5.046935482752057,7.224889866129693,1.7094442117735498,4.583283538545395,10.555327202804285,15.607122603944969,0.0,0.0,5.766499228892749,10.555327202804285,15.607122603944969
krishna_80.820_15.740,krishna,2.319229225425781,6.858253136166023,9.006240763042182,3.670221315309165,6.53240139160572,10.791385954595654,16.64535099036187,0.0,0.0,3.8814940064970114,10.791385954595654,16.64535099036187
krishna_80.820_15.770,krishna,1.2537588733373606,5.894417406823004,7.128752501385207,3.923643516675311,4.948383438966468,8.471607943621947,13.791463536910491,0.0,0.0,6.237119433965418,8.471607943621947,13.791463536910491
krishna_80.820_15.850,krishna,2.3105488081459042,7.1308405458192246,8.929446878024308,1.1621580092946342,6.177897450594294,14.180170794259645,14.090209599955486,0.0,0.0,6.850955047954988,14.180170794259645,14.090209599955486
krishna_80.830_15.830,krishna,1.8292782896008009,27.81682530372498,28.247343271540345,20.858967971193376,21.52095543919783,58.37271025206394,59.78911625019177,0.0,0.0,6.990347764297878,58.37271025206394,59.78911625019177
krishna_80.830_15.860,krishna,7.679654740511488,11.844115932189496,12.024966199914022,-4.693295335067551,4.195193545115408,14.598058632735345,27.429799259719978,0.0,0.0,14.136667069973349,14.598058632735345,27.429799259719978
krishna_80.830_15.870,krishna,7.228086784701988,14.53754378685182,16.845456574283254,-4.060115046131918,7.120705403338223,25.56729048214474,38.22277244409793,0.0,0.0,10.403782221620911,25.56729048214474,38.22277244409793
krishna_80.850_15.750,krishna,1.6475275822324418,5.163612357926551,5.669931963152321,-0.25202379308602474,1.8645471585515945,9.155530346896821,12.075118402813477,0.0,0.0,9.06470633992555,9.155530346896821,12.075118402813477
krishna_80.850_15.860,krishna,8.911763228405428,15.659246186221065,19.955282135049643,10.910807208587133,13.368160542828964,30.041265645675125,46.1133660921361,0.0,0.0,10.033691284878334,30.041265645675125,46.1133660921361
krishna_80.890_15.730,krishna,2.146228451886443,4.943432580539239,5.4765679307296695,-1.3583379714429151,2.69277304491938,8.175544398812363,12.20450303179615,0.0,0.0,5.383119603325921,8.175544398812363,12.20450303179615
krishna_80.900_15.760,krishna,0.7466248690830485,9.359492604380689,12.045864360681882,5.317700101194463,8.264159680506399,19.1909309923361,24.97344250018423,0.0,0.0,5.7552322461847325,19.1909309923361,24.97344250018423
krishna_80.910_15.720,krishna,0.9148469739673643,4.932596633237823,5.626521533658892,2.832225414816689,4.021042046957325,10.960203104756708,11.073963193963053,0.0,0.0,4.108881783582252,10.960203104756708,11.073963193963053
krishna_80.910_15.770,krishna,3.9389363939033073,10.142617461785186,13.132033945212335,-1.9262482544428443,5.275145947618108,21.29036665989817,34.75511504154567,0.0,0.0,8.110669667620016,21.29036665989817,34.75511504154567
krishna_80.920_15.770,krishna,3.2341242916022654,11.65433496064201,13.282635722382699,-2.0184846529482443,6.899306569273524,25.68580310247699,32.26599894872514,0.0,0.0,7.470490812040069,25.68580310247699,32.26599894872514
krishna_80.920_15.780,krishna,0.7055778685070272,8.767151597172697,10.562609233169178,3.755888497003437,4.795550217468519,19.608232293844203,23.352618846444276,0.0,0.0,3.614997569109267,19.608232293844203,23.352618846444276
krishna_80.930_15.750,krishna,1.2286749556863645,8.57993734661294,10.250493075935141,-1.3259975131264965,5.033851403497648,12.137113270143779,24.369057712863224,0.0,0.0,7.627274446428013,12.137113270143779,24.369057712863224
krishna_80.930_15.770,krishna,2.6846762744146897,8.796604693977631,12.136889187915418,0.14639319725171474,7.579382976822711,16.644868565888913,26.590832792082693,0.0,0.0,7.084053365863339,16.644868565888913,26.590832792082693
krishna_80.930_15.780,krishna,2.3607486536892317,9.599840968646168,11.010051948977003,2.005560858725124,5.493767840079793,19.83975761071219,23.61558180795309,0.0,0.0,4.018555087698131,19.83975761071219,23.61558180795309
krishna_80.940_15.730,krishna,2.2730555731477233,13.380569738123226,14.708757870594212,-1.4029270023220013,8.058244184372757,28.852444813913138,37.69706281775111,0.0,0.0,6.418994285343828,28.852444813913138,37.69706281775111
krishna_80.940_15.770,krishna,2.352586419584809,11.02889206451768,14.203701942439869,5.15444393400614,9.091640097311739,27.36346668786166,36.64782563562344,0.0,0.0,7.139538265841821,27.36346668786166,36.64782563562344
krishna_80.950_15.750,krishna,6.969368862117452,16.54312308768931,15.253932988875754,-3.1112025374201355,6.105540264591658,34.994163697904014,40.29782022198919,0.0,0.0,9.023453400876514,34.994163697904014,40.29782022198919
krishna_80.950_15.760,krishna,2.131368709795014,7.997651969554703,9.134690820327934,-1.3140692014398478,5.815872703357693,10.927778468090317,17.423399830072665,0.0,0.0,7.597401707748335,10.927778468090317,17.423399830072665
krishna_80.970_15.820,krishna,2.2874847609951763,8.96064131748406,9.351039318517534,5.5678438010139075,5.641688498432716,15.097898504867452,18.62285544894553,0.0,0.0,9.441510787518503,15.097898504867452,18.62285544894553
krishna_80.970_15.840,krishna,1.2580115126644638,7.511245047324283,7.986113932783748,5.125738318683912,6.385406217267662,13.159525398147174,12.771522995391898,0.0,0.0,5.2743092605715605,13.159525398147174,12.771522995391898
krishna_80.980_15.760,krishna,1.8214307821119298,2.8700227789891173,2.2235881540475235,-2.0661972150517576,0.5275292090122141,1.9089839696400972,3.47052329627601,0.0,0.0,5.291252792309457,1.9089839696400972,3.47052329627601
krishna_80.980_15.780,krishna,0.5592230244378638,2.8996998946428545,3.353166188832294,0.4132010174823999,1.2529399471417695,5.543919313871349,5.604550719098395,0.0,0.0,3.4992974647798434,5.543919313871349,5.604550719098395
krishna_80.980_15.800,krishna,1.4470183968798003,2.8387596241729205,3.6509921765354925,0.5648513251042484,1.0726767754954984,4.462398068452,7.280037941273928,0.0,0.0,3.5496630909990436,4.462398068452,7.280037941273928
krishna_80.990_15.770,krishna,1.229869255258668,4.143358865900647,5.45550111605998,2.220426555766015,3.1800151817589404,10.961224768232462,14.235947271744742,0.0,0.0,4.680805512484038,10.961224768232462,14.235947271744742
krishna_80.990_15.780,krishna,1.5534026021076508,9.795720967991372,11.7915376511267,4.967123805473436,7.613120759808719,18.95827652268455,26.135707847946417,0.0,0.0,5.379621445893919,18.95827652268455,26.135707847946417
krishna_80.990_15.820,krishna,0.8780891555002986,4.75203751991528,4.739980828578676,1.120571151104134,2.4327293288991245,8.598499567321134,10.0019177618103,0.0,0.0,4.992883532881735,8.598499567321134,10.0019177618103
krishna_80.990_15.850,krishna,1.1722427330764336,11.92885929000219,12.29082016924551,6.833262441712147,8.02711847899819,22.054975872403876,22.14900748536765,0.0,0.0,4.172369130949409,22.054975872403876,22.14900748536765
krishna_81.000_15.770,krishna,0.9999902024478463,9.717685451803456,10.67826064653618,3.7873226661360104,6.386280469521521,17.74957374672195,19.408273258800122,0.0,0.0,6.998972120230146,17.74957374672195,19.408273258800122
muthupet_79.410_10.320,muthupet,4.175157812779971,4.198074394659307,12.970912456674704,-0.3410890665618491,11.472676187855347,5.328220248865456,19.80679629461218,0.0,0.0,6.3378786487590855,5.328220248865456,19.80679629461218
muthupet_79.420_10.320,muthupet,9.611743726683759,10.729933770581619,5.552059764672521,-9.40869563750422,1.181025433206484,2.852418769966242,12.392900334864358,0.0,0.0,3.000963927110175,2.852418769966242,12.392900334864358
muthupet_79.420_10.330,muthupet,6.732946191760543,9.395436458417624,4.320347687670053,-8.94655639928286,3.4090760653408467,0.0,7.981667714695217,0.0,0.0,4.5714930431009995,-4.573912841929101,7.981667714695217
muthupet_79.430_10.330,muthupet,2.7381112861735497,4.682945164448567,9.711528752055337,1.2031884776921933,9.061120682648264,7.208171049418247,16.09544882610582,0.0,0.0,3.296768157668435,7.208171049418247,16.09544882610582
muthupet_79.520_10.350,muthupet,2.978181692799815,6.0676526647100015,6.426324495588363,-5.178515136123698,5.968609036012699,0.0,10.398305776185364,0.0,0.0,5.587360018414946,-1.337348798824575,10.398305776185364
muthupet_79.530_10.340,muthupet,3.9675123177501583,8.78367926997703,7.816336273790406,-6.730706257056799,6.89374018248843,1.1091930115112802,13.205909947958762,0.0,0.0,5.56082556171656,1.1091930115112802,13.205909947958762
muthupet_79.530_10.350,muthupet,3.465259298008978,6.32808952048393,6.695989110063107,-5.299424212717609,5.8168293013859955,0.0,9.5677911610214,0.0,0.0,2.974639415147072,-0.72585879141484,9.5677911610214
pichavaram_79.780_11.420,pichavaram,4.685934256336698,11.733624733979838,9.894120054736414,-1.2213558388083534,0.6144645495788463,23.242641023987034,15.815284927363336,0.0,0.0,14.922460273947133,23.242641023987034,15.815284927363336
pichavaram_79.790_11.410,pichavaram,5.490901677748619,16.914680843316596,16.814430831337464,4.9837998651841104,7.30101864614308,36.94680219839067,34.18738905175515,0.0,0.0,6.972729437313164,36.94680219839067,34.18738905175515
pichavaram_79.790_11.420,pichavaram,7.935960595765237,20.431763631190126,19.977344860708268,6.237534556641728,8.25775296992282,46.47689122768935,47.7519336997631,0.0,0.0,9.660250081319443,46.47689122768935,47.7519336997631
pichavaram_79.790_11.430,pichavaram,6.508237352442342,16.24977075602717,16.4452627946983,3.212334641313542,4.607433778428313,30.698456791248674,32.49796560463197,0.0,0.0,6.483681126254569,30.698456791248674,32.49796560463197
pichavaram_79.800_11.390,pichavaram,2.7077539914269577,14.43098736139253,17.996789135293312,8.90792886003875,13.409463966069014,27.132573439821684,32.82982761988402,0.0,0.0,7.546868039478901,27.132573439821684,32.82982761988402
pichavaram_79.800_11.410,pichavaram,5.950471371070611,10.126624552460813,13.053025771618554,5.007065501552523,8.272746337366257,21.23089524700393,23.412866145978157,0.0,0.0,4.06700817064185,21.23089524700393,23.412866145978157
pichavaram_79.800_11.420,pichavaram,4.333544209881798,7.998860166021783,9.619038663304694,5.265652670845042,7.944039550952536,16.06342129067307,13.123204529992627,0.0,0.0,6.155592783217237,16.06342129067307,13.123204529992627
pichavaram_79.800_11.430,pichavaram,6.970063768340629,15.763348473911309,12.471929984062132,-0.19868707397200236,2.0469230471263424,40.641058114988724,33.36705186889606,0.0,0.0,7.063509985154037,40.641058114988724,33.36705186889606
